,name,total,male_share,female_share,gap
1,casey,176544.328149,0.584286566204162,0.415713433795838,0.168573132408324
2,riley,154860.665173,0.507639071226889,0.492360928773111,0.0152781424537786
3,jessie,136381.830656,0.47783426831522,0.52216573168478,0.04433146336956
4,jackie,132928.78874,0.421132601798505,0.578867398201495,0.15773479640299
5,avery,121797.419516,0.335213073103216,0.664786926896784,0.329573853793568
6,jaime,109870.18729,0.561792900862907,0.438207099137093,0.123585801725814
7,peyton,94896.395216,0.433719376329487,0.566280623670513,0.132561247341027
8,kerry,88963.92625,0.483948843602212,0.516051156397788,0.0321023127955753
9,jody,80400.519199,0.352068031749129,0.647931968250871,0.295863936501742
10,kendall,79210.873961,0.372366742002144,0.627633257997856,0.255266515995713
11,payton,64151.630388,0.334357683090347,0.665642316909653,0.331284633819305
12,skyler,53486.390419,0.646053060924541,0.353946939075459,0.292106121849082
13,frankie,51288.068109,0.623671255310686,0.376328744689314,0.247342510621372
14,pat,44781.602373,0.369034384641938,0.630965615358062,0.261931230716124
15,quinn,41920.940058,0.635741932197297,0.364258067802703,0.271483864394595
16,harley,41237.565743,0.57170175193966,0.42829824806034,0.14340350387932
17,reese,36360.520613,0.361910288553326,0.638089711446674,0.276179422893347
18,robbie,32636.047648,0.553156938754081,0.446843061245919,0.106313877508162
19,tommie,29528.793818,0.664437749808803,0.335562250191197,0.328875499617605
20,justice,27350.56457,0.528194955830851,0.471805044169149,0.0563899116617029
21,kris,24955.811342,0.498626098405292,0.501373901594708,0.00274780318941553
22,carey,24790.097054,0.523225760260067,0.476774239739933,0.0464515205201342
23,emerson,24167.154361,0.525528919552714,0.474471080447286,0.0510578391054288
24,blair,23160.101097,0.490256307493872,0.509743692506128,0.0194873850122556
25,amari,22296.161372,0.515448766998635,0.484551233001365,0.0308975339972705
26,elisha,22184.559374,0.42335187324059,0.57664812675941,0.153296253518819
27,sage,21336.062278,0.367309797932152,0.632690202067848,0.265380404135695
28,emery,18844.118877,0.486775536488248,0.513224463511752,0.0264489270235037
29,stevie,18665.219122,0.574872101520245,0.425127898479755,0.14974420304049
30,rowan,18367.420464,0.593396902050688,0.406603097949313,0.186793804101375
31,ollie,17889.750339,0.339155503236562,0.660844496763438,0.321688993526876
32,shea,16768.89188,0.41330242568181,0.58669757431819,0.173395148636381
33,jaylin,15093.192039,0.572151392077043,0.427848607922957,0.144302784154087
34,phoenix,14841.367876,0.610618412515388,0.389381587484612,0.221236825030777
35,charley,12546.265782,0.609578018980947,0.390421981019053,0.219156037961894
36,armani,12541.667755,0.559799828152919,0.440200171847081,0.119599656305837
37,devyn,12515.023074,0.462939632691244,0.537060367308756,0.0741207346175126
38,ivory,11908.580714,0.45360412468377,0.54639587531623,0.0927917506324591
39,kendal,11841.40348,0.338384465048226,0.661615534951774,0.323231069903548
40,baby,11132.855753,0.517252291124696,0.482747708875304,0.0345045822493915
41,mckinley,10972.533414,0.479261600633664,0.520738399366336,0.0414767987326723
42,finley,10194.618867,0.423588367386486,0.576411632613514,0.152823265227028
43,milan,9971.955937,0.542624640460242,0.457375359539758,0.0852492809204839
44,tory,9837.844335,0.64217876263032,0.35782123736968,0.284357525260639
45,shay,9444.894035,0.413142273861413,0.586857726138587,0.173715452277173
46,shiloh,8999.08523,0.334421397629101,0.665578602370899,0.331157204741798
47,lavern,8776.346296,0.510623226437919,0.489376773562081,0.0212464528758382
48,sky,8386.640072,0.350032134418276,0.649967865581724,0.299935731163449
49,reilly,8300.824693,0.446285455482995,0.553714544517005,0.107429089034009
50,leighton,8281.601797,0.606148710001783,0.393851289998217,0.212297420003566
51,santana,7922.713789,0.438905002453573,0.561094997546427,0.122189995092854
52,arden,7773.14736,0.47692710227997,0.52307289772003,0.0461457954400597
53,campbell,7728.956865,0.430619167648829,0.569380832351171,0.138761664702343
54,channing,7626.335577,0.624902631923615,0.375097368076385,0.24980526384723
55,kamari,7584.893909,0.632721126040472,0.367278873959528,0.265442252080945
56,alva,7496.35069,0.472639067129876,0.527360932870124,0.0547218657402486
57,clair,7148.894728,0.585739931740676,0.414260068259324,0.171479863481352
58,lavon,7107.834786,0.48804651732095,0.51195348267905,0.0239069653580999
59,kenyatta,7063.611274,0.418089848300449,0.581910151699551,0.163820303399102
60,britt,6852.95455,0.594512279086982,0.405487720913018,0.189024558173963
61,vernell,6729.462903,0.352433686043904,0.647566313956096,0.295132627912192
62,michal,6558.698679,0.490950487527344,0.509049512472656,0.0180990249453111
63,austyn,6228.961465,0.662011678860177,0.337988321139823,0.324023357720355
64,rian,6139.851241,0.593677306326126,0.406322693673874,0.187354612652251
65,dominque,6101.13501,0.375118135928613,0.624881864071387,0.249763728142774
66,remy,6094.667878,0.570592843057625,0.429407156942375,0.141185686115249
67,jammie,6013.444775,0.364047292177885,0.635952707822115,0.27190541564423
68,ricki,5847.272146,0.339712786646821,0.660287213353179,0.320574426706357
69,jordin,5770.788278,0.347259358940564,0.652740641059436,0.305481282118872
70,trinidad,5747.944235,0.592455661149956,0.407544338850045,0.184911322299911
71,ryley,5685.538724,0.560735154356149,0.439264845643851,0.121470308712297
72,carrol,5513.606968,0.45235639563636,0.54764360436364,0.0952872087272798
73,landry,5449.51046,0.555815647888489,0.444184352111511,0.111631295776979
74,lorin,5428.15538,0.545362467498121,0.454637532501879,0.0907249349962417
75,yael,5232.374916,0.449224824049286,0.550775175950714,0.101550351901427
76,codi,4805.328209,0.368184020539189,0.631815979460811,0.263631958921622
77,sloan,4796.882097,0.367115168434376,0.632884831565624,0.265769663131247
78,jael,4472.71492,0.384048137367092,0.615951862632908,0.231903725265817
79,kodi,4428.704313,0.491293819868078,0.508706180131922,0.017412360263845
80,azariah,4420.560847,0.370263313106705,0.629736686893296,0.259473373786591
81,dakotah,4388.852023,0.625606776125293,0.374393223874707,0.251213552250586
82,lorenza,4249.273719,0.543574994868435,0.456425005131565,0.0871499897368697
83,artie,4230.139897,0.59190025861218,0.40809974138782,0.18380051722436
84,maxie,4123.46784,0.599424270518865,0.400575729481135,0.19884854103773
85,torey,4058.588974,0.661885135994064,0.338114864005936,0.323770271988129
86,tai,4017.916297,0.597251797104822,0.402748202895178,0.194503594209643
87,kalani,4012.316123,0.411020883809857,0.588979116190143,0.177958232380285
88,codie,3998.816987,0.608712507202321,0.391287492797679,0.217425014404641
89,storm,3960.537446,0.641435752252701,0.358564247747299,0.282871504505401
90,jaedyn,3913.076884,0.41443708367474,0.58556291632526,0.171125832650519
91,merritt,3843.56067,0.658423283064763,0.341576716935237,0.316846566129526
92,allyn,3801.332806,0.570772523672583,0.429227476327417,0.141545047345165
93,jourdan,3781.556602,0.427814783241475,0.572185216758525,0.144370433517049
94,yuri,3774.699243,0.389429947492111,0.610570052507889,0.221140105015779
95,ellery,3738.814883,0.39765859704908,0.60234140295092,0.20468280590184
96,oakley,3728.798329,0.64194439435987,0.35805560564013,0.28388878871974
97,gentry,3703.829157,0.621410654605957,0.378589345394043,0.242821309211914
98,ellison,3651.546836,0.352833543116028,0.647166456883972,0.294332913767945
99,arin,3634.974321,0.388598580418967,0.611401419581033,0.222802839162065
100,sol,3624.980544,0.551899845176107,0.448100154823893,0.103799690352214
101,carrington,3616.3836,0.409038452115533,0.590961547884467,0.181923095768933
102,dell,3615.033276,0.650476866592472,0.349523133407528,0.300953733184945
103,carlin,3554.951422,0.555793446226169,0.444206553773831,0.111586892452338
104,lennie,3533.447279,0.554154371182285,0.445845628817715,0.108308742364569
105,dru,3445.961147,0.603141929156522,0.396858070843478,0.206283858313043
106,alpha,3406.676728,0.380973771398012,0.619026228601988,0.238052457203976
107,kiran,3405.697622,0.526568794133539,0.473431205866461,0.0531375882670773
108,tristyn,3336.366181,0.470470253516816,0.529529746483184,0.0590594929663688
109,camdyn,3274.913501,0.499923233544971,0.50007676645503,0.000153532910058984
110,krishna,3270.049176,0.494240423312827,0.505759576687173,0.0115191533743466
111,demetrice,3200.883393,0.474710134496924,0.525289865503076,0.0505797310061523
112,berkley,3184.659274,0.350632706649798,0.649367293350202,0.298734586700404
113,linden,3155.870202,0.661140940992351,0.338859059007649,0.322281881984701
114,mikah,3094.063238,0.603268755814615,0.396731244185385,0.206537511629231
115,parris,3064.315071,0.537673923478869,0.462326076521131,0.0753478469577387
116,kalin,3021.240034,0.526623695600083,0.473376304399917,0.0532473912001656
117,kary,3020.968706,0.40128489599786,0.59871510400214,0.19743020800428
118,arie,3014.123001,0.449607679763033,0.550392320236967,0.100784640473934
119,aries,2964.756533,0.571238456901648,0.428761543098352,0.142476913803296
120,rio,2960.443801,0.586188487149735,0.413811512850265,0.172376974299469
121,sutton,2930.892868,0.556696757092112,0.443303242907888,0.113393514184224
122,rhyan,2900.188369,0.398704042247678,0.601295957752322,0.202591915504644
123,isa,2895.497837,0.466191698281003,0.533808301718997,0.0676166034379945
124,arlyn,2893.945006,0.454250770237339,0.545749229762661,0.0914984595253225
125,karsen,2872.427405,0.571991118431764,0.428008881568236,0.143982236863528
126,seneca,2856.367471,0.514098436881408,0.485901563118592,0.0281968737628157
127,callan,2809.37665,0.657736006668953,0.342263993331047,0.315472013337905
128,garnett,2797.598866,0.64378895734082,0.35621104265918,0.28757791468164
129,micaiah,2749.93498,0.620467564654929,0.379532435345071,0.240935129309857
130,christan,2684.978836,0.501137286431855,0.498862713568145,0.00227457286370958
131,aris,2549.033763,0.601766360361858,0.398233639638142,0.203532720723715
132,tylar,2540.224111,0.576006220342501,0.423993779657499,0.152012440685002
133,brighton,2534.958718,0.660835496098994,0.339164503901006,0.321670992197988
134,merlyn,2500.628691,0.591927610175532,0.408072389824468,0.183855220351065
135,kimani,2492.695778,0.552357813236526,0.447642186763474,0.104715626473051
136,salem,2484.362235,0.521194096721568,0.478805903278432,0.0423881934431354
137,barrie,2480.799063,0.38156556656197,0.61843443343803,0.236868866876059
138,braylin,2476.689792,0.63324898784902,0.36675101215098,0.26649797569804
139,charly,2473.36083,0.368508794974326,0.631491205025673,0.262982410051347
140,ocean,2470.958543,0.485112113432977,0.514887886567023,0.0297757731340456
141,ara,2398.501272,0.37016977408549,0.62983022591451,0.25966045182902
142,deane,2395.830649,0.645301029789105,0.354698970210895,0.29060205957821
143,andree,2375.252032,0.340060791915155,0.659939208084846,0.319878416169691
144,natividad,2343.481904,0.462715137313047,0.537284862686953,0.0745697253739068
145,ardell,2327.065702,0.52288286744729,0.47711713255271,0.0457657348945794
146,divine,2322.744419,0.436621526976533,0.563378473023467,0.126756946046934
147,ocie,2299.24497,0.530291593940075,0.469708406059925,0.06058318788015
148,lakota,2298.545252,0.471156131060586,0.528843868939414,0.0576877378788277
149,ashtin,2291.99335,0.50554467141015,0.494455328589849,0.011089342820301
150,larkin,2267.588897,0.507738103464528,0.492261896535472,0.0154762069290553
151,kamdyn,2266.011067,0.523264805396469,0.476735194603531,0.0465296107929379
152,waverly,2239.462468,0.477728781029966,0.522271218970034,0.0445424379400673
153,claudie,2203.604469,0.494641500475193,0.505358499524807,0.0107169990496148
154,lannie,2182.972994,0.602829347690959,0.397170652309041,0.205658695381918
155,vernie,2155.660129,0.468198870694982,0.531801129305018,0.0636022586100353
156,adair,2154.719944,0.547555244144526,0.452444755855474,0.0951104882890526
157,kaidyn,2139.577902,0.57681928189965,0.42318071810035,0.1536385637993
158,verdell,2133.742154,0.41847341035378,0.58152658964622,0.16305317929244
159,jae,2106.066765,0.547065864742422,0.452934135257578,0.0941317294848438
160,aven,2090.059497,0.596139390188853,0.403860609811147,0.192278780377705
161,kodie,2069.638392,0.547812556233253,0.452187443766747,0.0956251124665066
162,shalom,2060.595874,0.658794369205846,0.341205630794153,0.317588738411693
163,daylin,2036.196151,0.576251238086148,0.423748761913852,0.152502476172297
164,osiris,1997.239288,0.641802415314794,0.358197584685206,0.283604830629588
165,dwan,1990.646038,0.564547632551036,0.435452367448964,0.129095265102072
166,lashaun,1977.848391,0.378668867850549,0.621331132149451,0.242662264298902
167,ashten,1969.697594,0.459275307923232,0.540724692076768,0.0814493841535353
168,dann,1959.445874,0.461800314061648,0.538199685938352,0.0763993718767043
169,shai,1950.991705,0.457984994867008,0.542015005132992,0.0840300102659842
170,teegan,1945.936273,0.517134095788552,0.482865904211448,0.0342681915771041
171,micha,1927.975901,0.454472979950386,0.545527020049614,0.0910540400992284
172,tobie,1921.187635,0.354512695476514,0.645487304523486,0.290974609046971
173,jaelin,1910.944988,0.570012901909869,0.429987098090131,0.140025803819738
174,marlowe,1893.814455,0.483657416164352,0.516342583835648,0.0326851676712965
175,kareen,1865.710053,0.375142719992623,0.624857280007378,0.249714560014755
176,ryen,1827.655074,0.59188669152569,0.40811330847431,0.18377338305138
177,marquette,1795.238032,0.650215760357733,0.349784239642267,0.300431520715466
178,joell,1787.318885,0.455033671845301,0.544966328154699,0.0899326563093971
179,adel,1776.564727,0.576633384323632,0.423366615676368,0.153266768647265
180,golden,1763.136515,0.62353856870805,0.37646143129195,0.247077137416101
181,an,1746.029349,0.460547889106531,0.539452110893469,0.0789042217869386
182,ossie,1740.230779,0.436514538282396,0.563485461717604,0.126970923435207
183,stephane,1724.789877,0.370804580620808,0.629195419379192,0.258390838758384
184,vinnie,1711.276531,0.366533191823455,0.633466808176545,0.26693361635309
185,armoni,1707.359443,0.3946234682816,0.6053765317184,0.210753063436801
186,berlin,1675.592169,0.393717979353961,0.606282020646039,0.212564041292079
187,thanh,1671.332281,0.621414649143607,0.378585350856393,0.242829298287215
188,jimi,1666.012608,0.637415201962265,0.362584798037735,0.27483040392453
189,linn,1654.747322,0.548375044295736,0.451624955704264,0.0967500885914713
190,marvis,1653.1578,0.492993125641121,0.507006874358878,0.014013748717757
191,tam,1647.93815,0.525162795096406,0.474837204903594,0.0503255901928115
192,kaylon,1644.939332,0.624760243133392,0.375239756866608,0.249520486266785
193,kylin,1642.510785,0.520088092450486,0.479911907549514,0.0401761849009716
194,lajuan,1642.21941,0.59958550301144,0.40041449698856,0.19917100602288
195,cameran,1611.747981,0.526148908512267,0.473851091487733,0.052297817024534
196,shamari,1601.241909,0.420481969785866,0.579518030214134,0.159036060428269
197,teddie,1595.122202,0.543811233341482,0.456188766658518,0.0876224666829633
198,laramie,1594.631205,0.56437408548016,0.43562591451984,0.128748170960319
199,ricci,1585.31257,0.488588592343023,0.511411407656977,0.0228228153139541
200,jule,1555.296916,0.357332542283521,0.642667457716479,0.285334915432958
201,cedar,1552.70581,0.555718008165372,0.444281991834628,0.111436016330743
202,drue,1547.492989,0.569385893999679,0.430614106000321,0.138771787999357
203,shade,1544.88143,0.465530749502245,0.534469250497755,0.0689385009955101
204,jeryl,1538.032514,0.408293290475913,0.591706709524087,0.183413419048175
205,taylen,1535.983379,0.595155411509176,0.404844588490824,0.190310823018353
206,devonne,1534.988374,0.412720967618221,0.587279032381779,0.174558064763558
207,delane,1525.850038,0.469447342898057,0.530552657101943,0.0611053142038851
208,arnell,1518.343435,0.648371135480294,0.351628864519706,0.296742270960588
209,earlie,1510.680394,0.617877714377751,0.382122285622249,0.235755428755502
210,tenzin,1464.873785,0.559233375181194,0.440766624818806,0.118466750362387
211,kendel,1464.373914,0.484885748927647,0.515114251072353,0.0302285021447057
212,arlis,1462.083094,0.663250362431179,0.336749637568821,0.326500724862359
213,ashby,1459.223405,0.608203218204275,0.391796781795725,0.21640643640855
214,shia,1450.051376,0.586154801869586,0.413845198130414,0.172309603739171
215,berkeley,1447.964706,0.363027322297178,0.636972677702822,0.273945355405645
216,lin,1434.757899,0.403574594991653,0.596425405008347,0.192850810016694
217,freedom,1419.588662,0.344338179139388,0.655661820860612,0.311323641721224
218,rylin,1405.565656,0.409514091030124,0.590485908969876,0.180971817939752
219,aaryn,1391.675478,0.392251380892694,0.607748619107306,0.215497238214612
220,mykah,1378.630611,0.382136299452878,0.617863700547122,0.235727401094244
221,shaya,1373.047244,0.4979617722462,0.5020382277538,0.00407645550760077
222,tanis,1363.088001,0.338578977777973,0.661421022222027,0.322842044444055
223,chancey,1357.860017,0.665674378568877,0.334325621431123,0.331348757137754
224,jaidan,1353.840217,0.595128969344246,0.404871030655754,0.190257938688492
225,jaydyn,1344.56751,0.544079451243025,0.455920548756975,0.0881589024860492
226,kaedyn,1342.72329,0.623275211082397,0.376724788917603,0.246550422164793
227,talyn,1333.103591,0.481925098197414,0.518074901802586,0.0361498036051723
228,le,1323.979515,0.387719884019505,0.612280115980495,0.224560231960991
229,hartley,1321.569286,0.497189274115742,0.502810725884258,0.00562145176851514
230,avon,1318.747786,0.658928510989743,0.341071489010257,0.317857021979486
231,finnley,1313.456526,0.613938087814564,0.386061912185436,0.227876175629128
232,schyler,1311.405147,0.555552965204276,0.444447034795724,0.111105930408553
233,rennie,1307.957688,0.567809024568385,0.432190975431615,0.13561804913677
234,aly,1298.699031,0.370464737799593,0.629535262200407,0.259070524400815
235,kaydin,1293.967349,0.6505711412661,0.3494288587339,0.3011422825322
236,camari,1292.573614,0.593439201212102,0.406560798787898,0.186878402424204
237,clemmie,1288.247856,0.38562834526464,0.61437165473536,0.22874330947072
238,payson,1280.568167,0.593972970436958,0.406027029563042,0.187945940873915
239,anay,1278.824199,0.422374412700647,0.577625587299353,0.155251174598706
240,devine,1270.283725,0.527148692706427,0.472851307293573,0.0542973854128534
241,terryl,1263.728601,0.505760224540491,0.494239775459509,0.0115204490809811
242,bao,1262.070243,0.548539280471729,0.451460719528271,0.0970785609434578
243,tru,1259.054676,0.45310657978129,0.54689342021871,0.0937868404374204
244,indiana,1241.572392,0.465717716281178,0.534282283718822,0.0685645674376432
245,evyn,1234.89999,0.472842141653916,0.527157858346084,0.0543157166921671
246,deniz,1226.69535,0.537619930653524,0.462380069346476,0.0752398613070475
247,emari,1223.375248,0.448215075379717,0.551784924620283,0.103569849240566
248,davi,1218.88119,0.653500861720575,0.346499138279425,0.30700172344115
249,true,1201.182194,0.55682238909379,0.44317761090621,0.11364477818758
250,de,1198.993461,0.513363924008923,0.486636075991077,0.0267278480178467
251,samar,1195.441393,0.368225432528586,0.631774567471414,0.263549134942829
252,kriston,1194.67094,0.410758676359869,0.589241323640131,0.178482647280263
253,lian,1191.954576,0.457722310048835,0.542277689951165,0.0845553799023294
254,brittan,1182.231829,0.354616048829117,0.645383951170883,0.290767902341766
255,torre,1176.840612,0.665110699799677,0.334889300200323,0.330221399599354
256,shawne,1173.510439,0.347904690432839,0.652095309567161,0.304190619134322
257,kailen,1172.899859,0.469178862779623,0.530821137220377,0.0616422744407544
258,aundra,1172.128503,0.660575205720426,0.339424794279574,0.321150411440852
259,halen,1151.043395,0.644029030721296,0.355970969278704,0.288058061442592
260,yuki,1144.030879,0.370189214097253,0.629810785902747,0.259621571805493
261,marshell,1133.685172,0.465523835924353,0.534476164075647,0.0689523281512938
262,rivers,1130.701023,0.665467319560389,0.334532680439611,0.330934639120778
263,jaziah,1129.100128,0.524681636560757,0.475318363439243,0.0493632731215136
264,amaree,1110.775383,0.561031473633225,0.438968526366775,0.12206294726645
265,mycah,1110.674706,0.421804293794731,0.578195706205269,0.156391412410539
266,toy,1108.941987,0.419050361017668,0.580949638982332,0.161899277964664
267,tien,1107.223237,0.59495865331085,0.40504134668915,0.1899173066217
268,adi,1098.595416,0.407274350032424,0.592725649967576,0.185451299935153
269,callahan,1097.194313,0.662782657897353,0.337217342102647,0.325565315794706
270,jazz,1093.761948,0.589697381756053,0.410302618243947,0.179394763512106
271,reign,1090.493726,0.350300590358463,0.649699409641537,0.299398819283074
272,burnice,1082.020651,0.485566982954006,0.514433017045994,0.0288660340919871
273,jamy,1080.584735,0.334598511610475,0.665401488389525,0.330802976779049
274,lavaughn,1073.002013,0.58997524825706,0.41002475174294,0.17995049651412
275,adrean,1069.982513,0.627758174399248,0.372241825600752,0.255516348798497
276,cache,1066.235232,0.574706461209866,0.425293538790134,0.149412922419731
277,britain,1065.194805,0.543633195807785,0.456366804192215,0.0872663916155693
278,dalyn,1058.212286,0.665203738713727,0.334796261286273,0.330407477427454
279,dondi,1055.754497,0.66148437632466,0.33851562367534,0.32296875264932
280,dallis,1055.194322,0.521761342457262,0.478238657542738,0.0435226849145233
281,nazareth,1049.117378,0.61229550712866,0.38770449287134,0.22459101425732
282,nieves,1043.052359,0.366033357487474,0.633966642512526,0.267933285025052
283,jireh,1040.386483,0.482704633524155,0.517295366475845,0.034590732951689
284,collen,1039.818143,0.550316190241739,0.449683809758261,0.100632380483478
285,onyx,1034.681915,0.619032975946042,0.380967024053958,0.238065951892085
286,raynell,1033.123788,0.384776268456225,0.615223731543775,0.23044746308755
287,sonnie,1029.946621,0.47424516673083,0.52575483326917,0.0515096665383399
288,lyrik,1021.240142,0.376286555136216,0.623713444863784,0.247426889727568
289,marice,1011.157308,0.63042430980482,0.36957569019518,0.260848619609641
290,lexington,1006.492185,0.391422421228238,0.608577578771762,0.217155157543523
291,chi,1000.513531,0.446562031553374,0.553437968446626,0.106875936893251
292,eliyah,999.527175,0.364917126940546,0.635082873059454,0.270165746118909
293,tonnie,989.239862,0.387829308884037,0.612170691115963,0.224341382231926
294,teagen,979.78441,0.519568836577018,0.480431163422982,0.039137673154036
295,rudi,970.191498,0.636472652329922,0.363527347670078,0.272945304659844
296,kamani,953.566213,0.454033196748761,0.545966803251239,0.0919336065024778
297,han,951.241973,0.49264168981324,0.50735831018676,0.0147166203735209
298,jerre,950.874985,0.536068605275172,0.463931394724828,0.0721372105503438
299,alika,947.321531,0.540187666229662,0.459812333770338,0.0803753324593231
300,monta,941.063796,0.453235840984366,0.546764159015634,0.0935283180312677
301,jaydn,935.74131,0.614726625673927,0.385273374326073,0.229453251347854
302,hadyn,926.30121,0.545493459951326,0.454506540048674,0.0909869199026525
303,kem,914.46861,0.641319208321432,0.358680791678568,0.282638416642863
304,terrin,910.7775,0.573870853199602,0.426129146800399,0.147741706399203
305,wisdom,909.725025,0.464049177937037,0.535950822062964,0.071901644125927
306,natale,901.864284,0.601871496221709,0.398128503778291,0.203742992443417
307,rossie,892.806341,0.371744194410913,0.628255805589087,0.256511611178174
308,lugene,888.284575,0.478761112113199,0.521238887886801,0.0424777757736027
309,rebel,884.024521,0.452743715239093,0.547256284760906,0.0945125695218131
310,blayke,882.234279,0.627600195525842,0.372399804474158,0.255200391051684
311,donyell,872.649431,0.55714454823268,0.44285545176732,0.114289096465359
312,myrl,869.491606,0.501832537529983,0.498167462470017,0.00366507505996561
313,kaelen,862.728436,0.639216820714601,0.360783179285399,0.278433641429202
314,miko,851.474358,0.478814189962958,0.521185810037042,0.0423716200740833
315,elza,847.576302,0.646089558789953,0.353910441210047,0.292179117579906
316,kriss,835.690001,0.58288637582969,0.41711362417031,0.16577275165938
317,shadow,825.52436,0.529790248709317,0.470209751290683,0.0595804974186347
318,raylen,818.709884,0.605509775426139,0.394490224573861,0.211019550852277
319,ramey,811.497395,0.586068228845023,0.413931771154977,0.172136457690046
320,jaryn,806.521407,0.599986038560288,0.400013961439712,0.199972077120577
321,laren,804.308316,0.377728512756046,0.622271487243954,0.244542974487908
322,leverne,802.818101,0.63489222946656,0.36510777053344,0.26978445893312
323,khali,802.633638,0.522740162056353,0.477259837943647,0.0454803241127056
324,reiley,800.337736,0.365261811171178,0.634738188828822,0.269476377657644
325,jaydee,798.057272,0.430360732305939,0.569639267694061,0.139278535388122
326,luan,797.245459,0.47190187633292,0.52809812366708,0.0561962473341601
327,reily,796.287263,0.603698037551054,0.396301962448946,0.207396075102108
328,caidyn,794.561122,0.569801670965723,0.430198329034277,0.139603341931447
329,kaylor,794.271472,0.351044744560585,0.648955255439415,0.29791051087883
330,juel,790.093471,0.584268421324545,0.415731578675455,0.16853684264909
331,amrit,786.642927,0.574451066029861,0.425548933970139,0.148902132059722
332,rayn,784.341578,0.564546435405213,0.435453564594787,0.129092870810426
333,arien,782.936684,0.545012006360402,0.454987993639598,0.0900240127208039
334,britten,777.750504,0.586064464961118,0.413935535038882,0.172128929922236
335,bela,760.563821,0.382293633974998,0.617706366025002,0.235412732050004
336,arliss,758.632888,0.409518028962646,0.590481971037354,0.180963942074708
337,aziah,758.497597,0.341495204499639,0.658504795500361,0.317009591000721
338,lonie,755.868642,0.440114513971331,0.559885486028669,0.119770972057338
339,pasha,748.990463,0.355944639044089,0.644055360955911,0.288110721911822
340,caylen,748.902375,0.339105841398887,0.660894158601113,0.321788317202225
341,talin,745.096319,0.611874273666892,0.388125726333108,0.223748547333784
342,shaune,741.347119,0.569316215282952,0.430683784717048,0.138632430565903
343,valen,735.983288,0.610908500683238,0.389091499316762,0.221817001366477
344,ozie,735.766434,0.487206116554102,0.512793883445898,0.025587766891796
345,dung,735.265634,0.617169788735155,0.382830211264845,0.234339577470311
346,avry,731.426697,0.496191475493818,0.503808524506182,0.00761704901236332
347,zamari,729.95515,0.651475198167997,0.348524801832003,0.302950396335994
348,kam,728.774296,0.501174688795555,0.498825311204445,0.00234937759111081
349,ronit,726.408001,0.564044362721715,0.435955637278285,0.12808872544343
350,kelin,719.439015,0.585042928204276,0.414957071795724,0.170085856408552
351,teigan,714.664818,0.423542605395191,0.576457394604809,0.152914789209618
352,sun,714.643067,0.395541851663972,0.604458148336028,0.208916296672056
353,karlin,713.305261,0.431307416082552,0.568692583917448,0.137385167834897
354,lenell,702.26537,0.641857291069329,0.358142708930671,0.283714582138658
355,jaleen,700.570415,0.52882441517317,0.47117558482683,0.0576488303463399
356,amory,698.662333,0.488430258626809,0.511569741373191,0.0231394827463813
357,loghan,692.909696,0.528497108806513,0.471502891193487,0.0569942176130264
358,kemani,692.781324,0.468092791716192,0.531907208283808,0.0638144165676152
359,aarin,692.676825,0.58784569124281,0.41215430875719,0.17569138248562
360,elizah,692.517245,0.509646062315748,0.490353937684252,0.0192921246314957
361,maysen,689.180053,0.419162994840769,0.580837005159231,0.161674010318462
362,yu,683.489357,0.488130216781122,0.511869783218878,0.0237395664377552
363,bergen,682.925024,0.43289007667114,0.56710992332886,0.13421984665772
364,jalani,673.616259,0.628366612807664,0.371633387192336,0.256733225615328
365,jamille,673.479423,0.365245444180408,0.634754555819592,0.269509111639184
366,adama,672.71467,0.398334507853084,0.601665492146916,0.203330984293832
367,laray,665.522256,0.507165797923368,0.492834202076632,0.014331595846736
368,sully,665.517623,0.578048363717034,0.421951636282966,0.156096727434068
369,latrelle,665.308862,0.339974719891827,0.660025280108173,0.320050560216347
370,onnie,664.357223,0.39905963963607,0.60094036036393,0.201880720727861
371,khanh,662.75548,0.57751445827351,0.42248554172649,0.15502891654702
372,amil,661.805231,0.653056817557853,0.346943182442147,0.306113635115707
373,braylyn,661.552177,0.423209747823111,0.576790252176889,0.153580504353778
374,tanay,661.063212,0.534292874854455,0.465707125145545,0.0685857497089098
375,kailan,659.232761,0.395082508649779,0.604917491350221,0.209834982700443
376,caelin,659.158099,0.433926495682791,0.566073504317209,0.132147008634419
377,alexandr,656.239956,0.548321545663398,0.451678454336602,0.0966430913267951
378,daryan,656.138076,0.607669195835542,0.392330804164458,0.215338391671085
379,wallis,654.622062,0.42632735314075,0.57367264685925,0.1473452937185
380,kelechi,648.648494,0.656494551269243,0.343505448730757,0.312989102538485
381,javonne,646.051594,0.453285260371945,0.546714739628055,0.0934294792561102
382,gean,645.994681,0.466251082027098,0.533748917972902,0.0674978359458041
383,kao,645.458334,0.627883893741776,0.372116106258224,0.255767787483553
384,cypress,642.754615,0.413364543481341,0.586635456518659,0.173270913037318
385,tamari,639.320661,0.344429619489491,0.655570380510509,0.311140761021018
386,evann,634.337944,0.545879568257389,0.454120431742611,0.0917591365147787
387,tarren,632.967007,0.64204608377005,0.35795391622995,0.284092167540101
388,jeffie,627.715909,0.468665609365653,0.531334390634347,0.0626687812686933
389,amel,625.482374,0.520288173620061,0.479711826379939,0.0405763472401223
390,jaspreet,623.708833,0.397465817194864,0.602534182805136,0.205068365610272
391,amen,623.660314,0.665337642439759,0.334662357560241,0.330675284879519
392,neema,617.783584,0.405425780947912,0.594574219052088,0.189148438104176
393,hien,613.08858,0.4753771959021,0.524622804097901,0.049245608195801
394,lorren,612.715537,0.372486913123602,0.627513086876398,0.255026173752796
395,jonel,612.650548,0.498816798577319,0.501183201422681,0.00236640284536238
396,kelyn,610.690619,0.398369435244264,0.601630564755736,0.203261129511472
397,jodeci,608.175239,0.468029534494087,0.531970465505913,0.0639409310118264
398,alexy,607.478474,0.451518874724769,0.548481125275231,0.0969622505504615
399,jayln,606.543254,0.638398025938641,0.361601974061359,0.276796051877283
400,chayanne,601.107466,0.632398907851861,0.367601092148138,0.264797815703723
401,brittain,598.385006,0.571254487616623,0.428745512383377,0.142508975233246
402,selby,595.127455,0.603226848272359,0.396773151727641,0.206453696544717
403,akili,591.896442,0.632983543090803,0.367016456909197,0.265967086181606
404,kimari,591.479976,0.34716631387704,0.65283368612296,0.30566737224592
405,anmol,590.472412,0.536417174728224,0.463582825271776,0.0728343494564485
406,kirin,590.139974,0.427012831027101,0.572987168972899,0.145974337945797
407,min,589.129682,0.611706546131892,0.388293453868108,0.223413092263784
408,eri,587.186027,0.55021321888506,0.44978678111494,0.100426437770121
409,bralyn,582.769557,0.594321889055025,0.405678110944975,0.18864377811005
410,alyn,582.742595,0.377639345206952,0.622360654793048,0.244721309586096
411,osie,580.951667,0.457289346240915,0.542710653759085,0.0854213075181692
412,shiva,580.950328,0.591622843528199,0.408377156471801,0.183245687056398
413,kamerin,580.529332,0.651753579266172,0.348246420733828,0.303507158532344
414,pheonix,578.351431,0.570794908260545,0.429205091739455,0.14158981652109
415,abrar,576.900756,0.482330517174777,0.517669482825223,0.0353389656504454
416,darnelle,573.536531,0.593068700274299,0.406931299725701,0.186137400548597
417,haydin,572.946492,0.620076272323175,0.379923727676825,0.240152544646351
418,davonne,559.431911,0.657912860819983,0.342087139180017,0.315825721639966
419,makana,556.047924,0.603659833104601,0.396340166895399,0.207319666209202
420,ayomide,554.577639,0.591816560782755,0.408183439217245,0.183633121565509
421,daine,554.40281,0.497965057211741,0.502034942788259,0.00406988557651794
422,avrey,541.782016,0.455458106235848,0.544541893764152,0.0890837875283037
423,truth,541.390661,0.591585840081567,0.408414159918433,0.183171680163135
424,uchenna,539.67233,0.66227388756433,0.33772611243567,0.32454777512866
425,gracin,537.308384,0.657866256187061,0.342133743812939,0.315732512374123
426,chong,536.896691,0.601014868240266,0.398985131759734,0.202029736480533
427,marrion,536.009629,0.619897901125205,0.380102098874795,0.239795802250411
428,atley,535.308139,0.541420667620374,0.458579332379626,0.0828413352407482
429,luverne,534.767742,0.539084921094586,0.460915078905414,0.0781698421891723
430,lunden,534.000961,0.409396875598507,0.590603124401493,0.181206248802987
431,manpreet,533.557713,0.373613498864367,0.626386501135632,0.252773002271265
432,kodee,533.325804,0.500158233483861,0.499841766516139,0.000316466967722417
433,kyri,530.500126,0.372936352516531,0.627063647483469,0.254127294966938
434,donnelle,530.211598,0.430884076964307,0.569115923035693,0.138231846071387
435,koree,529.952254,0.390634290990297,0.609365709009703,0.218731418019405
436,riyan,528.259191,0.508945906820957,0.491054093179043,0.0178918136419135
437,sagan,526.849373,0.551514565435385,0.448485434564615,0.10302913087077
438,teran,523.613117,0.652587360602733,0.347412639397267,0.305174721205466
439,avory,522.679555,0.430079942575906,0.569920057424094,0.139840114848188
440,lior,520.632626,0.649435181574656,0.350564818425344,0.298870363149312
441,hoa,519.884708,0.490706243277308,0.509293756722693,0.0185875134453849
442,alexx,519.454611,0.639755283643059,0.360244716356941,0.279510567286119
443,arleigh,515.496346,0.362335309356393,0.637664690643607,0.275329381287215
444,brier,514.257293,0.652893834604306,0.347106165395694,0.305787669208612
445,lyndall,513.422172,0.400412053104711,0.599587946895289,0.199175893790578
446,terin,510.907222,0.348401821965241,0.651598178034759,0.303196356069517
447,kallan,509.422604,0.464920237422366,0.535079762577634,0.0701595251552677
448,maika,505.696628,0.352002153354283,0.647997846645717,0.295995693291433
449,trayce,504.464568,0.609030717891767,0.390969282108233,0.218061435783534
450,deavion,502.716145,0.61916425023509,0.38083574976491,0.238328500470181
451,indy,501.475923,0.432666477189973,0.567333522810027,0.134667045620055
452,ellington,500.417504,0.582859803401282,0.417140196598718,0.165719606802563
453,feliz,498.528778,0.484331853355916,0.515668146644084,0.031336293288168
454,alexiz,498.397451,0.472690575618534,0.527309424381466,0.0546188487629323
455,neftaly,498.136952,0.661497360669602,0.338502639330398,0.322994721339203
456,kaegan,495.71034,0.647413630710225,0.352586369289775,0.29482726142045
457,edris,495.269629,0.373753440875738,0.626246559124262,0.252493118248525
458,harpreet,495.17132,0.493564681815579,0.506435318184422,0.012870636368843
459,jailin,489.922734,0.406488232081102,0.593511767918898,0.187023535837796
460,mackinley,489.579285,0.553750606502888,0.446249393497113,0.107501213005775
461,kendle,489.30663,0.353231404201492,0.646768595798508,0.293537191597016
462,donyae,487.302887,0.580839076785523,0.419160923214477,0.161678153571046
463,koi,485.358666,0.660120767267808,0.339879232732192,0.320241534535617
464,eastyn,483.916571,0.584986941891684,0.415013058108316,0.169973883783368
465,vertis,483.073698,0.664832468274851,0.335167531725149,0.329664936549702
466,shady,480.399537,0.5886068599604,0.4113931400396,0.1772137199208
467,shondell,480.066762,0.522759938543714,0.477240061456286,0.0455198770874289
468,monti,479.724204,0.648915169183334,0.351084830816666,0.297830338366667
469,ardie,478.622326,0.574547153489869,0.425452846510131,0.149094306979737
470,londen,476.616207,0.366252222304308,0.633747777695692,0.267495555391384
471,kayde,476.545451,0.364506878904191,0.635493121095809,0.270986242191618
472,gabryel,476.224649,0.633339669908602,0.366660330091398,0.266679339817205
473,chai,475.693434,0.642314173712139,0.357685826287861,0.284628347424278
474,gurpreet,475.593432,0.642409460356046,0.357590539643954,0.284818920712093
475,tomie,473.437588,0.466243007726712,0.533756992273288,0.0675139845465755
476,corley,472.934632,0.437175685624139,0.562824314375861,0.125648628751721
477,mishael,469.77639,0.639525394198716,0.360474605801283,0.279050788397433
478,shalin,469.497742,0.638891468832666,0.361108531167334,0.277782937665332
479,shann,465.469714,0.565161530573824,0.434838469426176,0.130323061147648
480,lyndal,462.991251,0.56129665612191,0.43870334387809,0.12259331224382
481,jamani,461.954209,0.540148880860181,0.459851119139819,0.0802977617203613
482,chee,460.36613,0.55370074466599,0.44629925533401,0.10740148933198
483,deshay,460.068319,0.390080035048012,0.609919964951988,0.219839929903976
484,devlyn,459.950086,0.651643713357193,0.348356286642808,0.303287426714385
485,royale,457.356489,0.468049454087881,0.531950545912119,0.0639010918242378
486,jaidin,450.60592,0.583469207417426,0.416530792582574,0.166938414834852
487,dayan,449.437503,0.603330138651113,0.396669861348887,0.206660277302226
488,jari,447.90736,0.350566018830322,0.649433981169678,0.298867962339355
489,amarii,445.041457,0.542269694663524,0.457730305336476,0.0845393893270488
490,dilyn,444.089446,0.664452235147241,0.335547764852759,0.328904470294482
491,yuval,441.627245,0.665086065964975,0.334913934035025,0.330172131929949
492,toryn,441.53306,0.484787630624987,0.515212369375014,0.030424738750027
493,rajah,441.097798,0.658493695314253,0.341506304685747,0.316987390628506
494,tatem,438.839865,0.391246579204923,0.608753420795078,0.217506841590155
495,chidera,438.682476,0.339159490382743,0.660840509617257,0.321681019234514
496,amarri,437.771104,0.514584635535926,0.485415364464074,0.0291692710718522
497,rielly,436.043049,0.444824508600296,0.555175491399703,0.110350982799407
498,bobie,435.771001,0.338193098351673,0.661806901648327,0.323613803296654
499,miciah,435.075256,0.496130113177478,0.503869886822522,0.00773977364504491
500,shaden,433.344945,0.576438165212704,0.423561834787296,0.152876330425407
501,codee,429.682115,0.574688013253705,0.425311986746295,0.14937602650741
502,ottie,429.187857,0.46819591636303,0.53180408363697,0.0636081672739404
503,haydyn,428.088851,0.526357541135777,0.473642458864223,0.052715082271554
504,ary,427.143655,0.590800315177338,0.409199684822662,0.181600630354675
505,tajae,425.014334,0.402830300777573,0.597169699222427,0.194339398444853
506,aki,421.443184,0.546841927333199,0.453158072666801,0.0936838546663979
507,haedyn,419.202215,0.362291525582707,0.637708474417293,0.275416948834586
508,jasiyah,418.332858,0.370258054173693,0.629741945826307,0.259483891652613
509,averey,417.927591,0.346408471509602,0.653591528490398,0.307183056980796
510,hyun,415.309693,0.605687139596812,0.394312860403188,0.211374279193623
511,jamile,414.255645,0.514173471311417,0.485826528688583,0.0283469426228338
512,yona,414.021594,0.576241061957749,0.423758938042251,0.152482123915498
513,yee,413.353291,0.521980360862785,0.478019639137214,0.043960721725571
514,evian,413.201908,0.486174937991816,0.513825062008184,0.0276501240163682
515,amandeep,413.13403,0.562686484577414,0.437313515422586,0.125372969154828
516,vandy,413.08698,0.55767130932086,0.44232869067914,0.11534261864172
517,trenell,412.864778,0.662126528022693,0.337873471977307,0.324253056045386
518,rei,412.311611,0.485427573855057,0.514572426144943,0.0291448522898862
519,weslie,411.497454,0.613128714521767,0.386871285478233,0.226257429043534
520,ariyan,409.742892,0.385121011446368,0.614878988553632,0.229757977107264
521,kemoni,409.040382,0.451067523206058,0.548932476793942,0.0978649535878832
522,rossi,407.470851,0.57664095339178,0.42335904660822,0.15328190678356
523,danel,403.242956,0.649489440802532,0.350510559197468,0.298978881605064
524,mandeep,402.949396,0.608824478793858,0.391175521206142,0.217648957587717
525,ji,400.092923,0.386013786102385,0.613986213897615,0.22797242779523
526,ying,393.823722,0.3464396032497,0.6535603967503,0.307120793500601
527,kijana,393.646342,0.656438677131159,0.343561322868841,0.312877354262319
528,embry,393.57991,0.489660592686248,0.510339407313752,0.0206788146275047
529,braelin,393.099757,0.567862978862131,0.432137021137869,0.135725957724263
530,ja,390.850973,0.659898055313271,0.340101944686728,0.319796110626543
531,shawndell,390.690211,0.639432035833629,0.360567964166371,0.278864071667258
532,ronie,390.092485,0.542674653165902,0.457325346834098,0.0853493063318049
533,jamisen,389.02477,0.604225458445744,0.395774541554256,0.208450916891487
534,makell,388.832612,0.622481637419857,0.377518362580143,0.244963274839714
535,amori,386.253118,0.418666797661941,0.581333202338059,0.162666404676117
536,nuri,384.16821,0.548508350027193,0.451491649972807,0.0970167000543851
537,caylan,383.148183,0.395409553593002,0.604590446406998,0.209180892813995
538,tennessee,381.654643,0.37684656963547,0.62315343036453,0.24630686072906
539,linell,381.366956,0.339293785065112,0.660706214934888,0.321412429869776
540,giani,375.988521,0.574851009879634,0.425148990120366,0.149702019759268
541,rudell,375.713796,0.587977325698202,0.412022674301798,0.175954651396405
542,germany,375.639417,0.448241527326191,0.551758472673809,0.103516945347618
543,johari,373.180127,0.393338622235905,0.606661377764095,0.21332275552819
544,lorrin,371.153873,0.351522059962446,0.648477940037554,0.296955880075108
545,lenzie,368.727547,0.520448826135575,0.479551173864425,0.0408976522711497
546,carle,368.098241,0.624151847006517,0.375848152993483,0.248303694013034
547,cayle,366.85755,0.654093775635802,0.345906224364198,0.308187551271604
548,bay,366.783476,0.366407144252049,0.633592855747951,0.267185711495902
549,ova,366.376736,0.380905213916202,0.619094786083798,0.238189572167595
550,cailen,365.545622,0.514982121711746,0.485017878288254,0.0299642434234925
551,rhylan,364.602121,0.634619319726887,0.365380680273113,0.269238639453773
552,zaylin,364.578434,0.626369125827119,0.373630874172881,0.252738251654238
553,romelle,364.29039,0.334741816823661,0.665258183176339,0.330516366352678
554,brownie,364.152405,0.414056081821017,0.585943918178983,0.171887836357967
555,grier,360.964562,0.408176290724074,0.591823709275926,0.183647418551852
556,vondell,359.55239,0.530040428878807,0.469959571121193,0.0600808577576135
557,dannell,358.292428,0.371591933279706,0.628408066720294,0.256816133440587
558,aquarius,357.992087,0.355039520747843,0.644960479252157,0.289920958504315
559,lavoris,355.809297,0.571789266653142,0.428210733346858,0.143578533306284
560,phenix,355.303917,0.628086472798441,0.371913527201559,0.256172945596882
561,keylen,353.46958,0.564170543332187,0.435829456667813,0.128341086664374
562,cristan,352.183199,0.43465021737167,0.56534978262833,0.130699565256661
563,daylyn,349.116573,0.46302201757692,0.53697798242308,0.0739559648461605
564,riely,348.956187,0.502088146097263,0.497911853902737,0.00417629219452698
565,rogue,345.658825,0.482370785701768,0.517629214298232,0.0352584285964636
566,karem,345.429988,0.333961065939649,0.666038934060352,0.332077868120703
567,olamide,344.984957,0.410813095250411,0.589186904749589,0.178373809499178
568,dawsyn,344.491458,0.590365366911362,0.409634633088638,0.180730733822724
569,halsey,343.03444,0.432616133237234,0.567383866762766,0.134767733525532
570,samie,341.931736,0.571861908132447,0.428138091867553,0.143723816264893
571,matisse,341.133566,0.456469264592978,0.543530735407022,0.0870614708140447
572,dail,339.916968,0.640955143492572,0.359044856507428,0.281910286985144
573,oluwaseun,333.562954,0.628358993367111,0.371641006632889,0.256717986734222
574,emanuelle,332.743975,0.582704299905055,0.417295700094945,0.165408599810109
575,harlyn,332.741736,0.423264264029686,0.576735735970314,0.153471471940628
576,lamari,328.673827,0.631225418505867,0.368774581494133,0.262450837011734
577,schylar,326.620692,0.335503082578736,0.664496917421264,0.328993834842527
578,kamori,325.885617,0.338147095948699,0.661852904051301,0.323705808102602
579,kaydyn,323.871587,0.472167831752404,0.527832168247596,0.0556643364951924
580,kimoni,323.597517,0.597750139720633,0.402249860279367,0.195500279441267
581,tian,323.377615,0.563309244518981,0.436690755481019,0.126618489037963
582,alvia,323.013322,0.425895783951598,0.574104216048402,0.148208432096804
583,skylan,320.708546,0.358961949832169,0.641038050167831,0.282076100335661
584,ajai,319.705461,0.510480826600582,0.489519173399418,0.0209616532011632
585,tyjae,319.280621,0.486963002994159,0.513036997005841,0.0260739940116817
586,mc,318.013697,0.349445458004911,0.650554541995089,0.301109083990178
587,chae,316.359126,0.454676388883436,0.545323611116564,0.0906472222331276
588,climmie,315.660886,0.404164474150275,0.595835525849725,0.191671051699449
589,kymari,314.835082,0.589629986025509,0.410370013974491,0.179259972051018
590,brittin,314.595101,0.353221568443941,0.646778431556059,0.293556863112118
591,maven,312.750688,0.612282777776016,0.387717222223984,0.224565555552031
592,cheney,310.676913,0.338206794915591,0.661793205084409,0.323586410168817
593,jaz,309.144164,0.663611434049261,0.336388565950739,0.327222868098522
594,malone,306.877555,0.585829550160487,0.414170449839513,0.171659100320973
595,rashi,305.502509,0.406963872103584,0.593036127896416,0.186072255792832
596,puneet,304.530588,0.515017076051487,0.484982923948513,0.0300341521029736
597,juda,304.25879,0.649065757475733,0.350934242524267,0.298131514951466
598,rane,302.206012,0.594418796671722,0.405581203328278,0.188837593343444
599,dezi,302.144671,0.625026869992355,0.374973130007645,0.250053739984711
600,skiler,300.192634,0.5372144707588,0.462785529241201,0.074428941517599
601,elya,299.686586,0.562027841312858,0.437972158687143,0.124055682625715
602,rieley,299.477082,0.366913044785177,0.633086955214823,0.266173910429647
603,tajai,298.658308,0.512399701936301,0.487600298063699,0.0247994038726022
604,da,297.72328,0.614631398659856,0.385368601340144,0.229262797319712
605,deshannon,296.329223,0.368674904533462,0.631325095466538,0.262650190933076
606,logyn,294.857509,0.464477535147324,0.535522464852676,0.0710449297053513
607,wrigley,294.024958,0.611231836312345,0.388768163687655,0.222463672624689
608,happy,293.318793,0.427365470578627,0.572634529421373,0.145269058842745
609,cyncere,292.784402,0.647213706418691,0.352786293581309,0.294427412837382
610,callaway,291.851857,0.499772447910105,0.500227552089895,0.000455104179789334
611,shell,290.751229,0.361467239060235,0.638532760939765,0.277065521879531
612,fontaine,290.606918,0.584075510549271,0.415924489450729,0.168151021098541
613,jung,290.346636,0.506937869257765,0.493062130742235,0.0138757385155308
614,dossie,290.111158,0.511029303464433,0.488970696535567,0.0220586069288655
615,mayan,288.665664,0.364442932152817,0.635557067847183,0.271114135694365
616,odean,288.303758,0.495868909207906,0.504131090792094,0.00826218158418868
617,baylin,285.992025,0.579581073982745,0.420418926017255,0.15916214796549
618,austine,285.236226,0.527366278503489,0.472633721496512,0.0547325570069771
619,cagney,284.968009,0.357780255256652,0.642219744743348,0.284439489486695
620,scotland,284.873345,0.553543312379753,0.446456687620248,0.107086624759505
621,cire,283.857969,0.527670410408665,0.472329589591335,0.0553408208173292
622,harvest,283.76503,0.400649396439019,0.599350603560981,0.198701207121963
623,bless,279.904057,0.499964135925332,0.500035864074667,7.1728149335093e-05
624,vegas,279.086241,0.615539613792713,0.384460386207287,0.231079227585426
625,rael,278.724328,0.513390811727062,0.486609188272938,0.0267816234541249
626,mahari,277.910899,0.563712001089961,0.436287998910039,0.127424002179922
627,perris,276.851258,0.616923687592563,0.383076312407437,0.233847375185126
628,reilley,274.809689,0.349990207223007,0.650009792776993,0.300019585553987
629,taygen,274.144198,0.445421500403229,0.554578499596771,0.109156999193541
630,shey,273.813717,0.515219297797268,0.484780702202732,0.0304385955945369
631,oluwatosin,272.921476,0.456518819354473,0.543481180645528,0.086962361291055
632,jemiah,272.238086,0.339801485380705,0.660198514619295,0.320397029238591
633,oluwadamilola,271.919156,0.353750910436042,0.646249089563959,0.292498179127917
634,markelle,271.702482,0.5492149755187,0.4507850244813,0.0984299510373998
635,gianny,271.04938,0.497777825575546,0.502222174424454,0.00444434884890715
636,jlyn,266.956224,0.389943184092984,0.610056815907015,0.220113631814031
637,jeris,265.436691,0.623316348529978,0.376683651470022,0.246632697059955
638,jaki,264.965997,0.639581546004939,0.360418453995061,0.279163092009878
639,raymie,264.82035,0.379940083909715,0.620059916090285,0.240119832180571
640,aldean,262.841418,0.333560740415729,0.666439259584272,0.332878519168543
641,gal,262.404053,0.506819267764892,0.493180732235108,0.0136385355297847
642,hudsyn,262.383874,0.408862531696594,0.591137468303407,0.182274936606813
643,deone,260.381575,0.406947019964834,0.593052980035166,0.186105960070331
644,deundra,259.756488,0.612929729785999,0.387070270214001,0.225859459571997
645,nasiah,259.221112,0.359816738229254,0.640183261770746,0.280366523541493
646,donyea,258.361535,0.6473623598807,0.3526376401193,0.2947247197614
647,shyler,257.084311,0.390864209523855,0.609135790476145,0.218271580952289
648,mattia,256.579433,0.475725659585505,0.524274340414495,0.0485486808289892
649,navdeep,256.491881,0.51821871118018,0.48178128881982,0.0364374223603592
650,rameen,255.077342,0.384910785215882,0.615089214784118,0.230178429568237
651,wai,253.453871,0.660395038906311,0.339604961093689,0.320790077812621
652,eh,253.416862,0.584051545867536,0.415948454132464,0.168103091735072
653,paxtyn,249.448529,0.442033274126864,0.557966725873136,0.115933451746272
654,shaylon,249.26729,0.341940609215112,0.658059390784888,0.316118781569776
655,kamoni,248.38522,0.375674478537813,0.624325521462187,0.248651042924374
656,jadis,248.174196,0.495553071117837,0.504446928882163,0.00889385776432611
657,avyn,247.427689,0.477605054945973,0.522394945054028,0.044789890108055
658,kitt,245.909352,0.374648126436444,0.625351873563556,0.250703747127112
659,ebbie,244.870788,0.527553270257782,0.472446729742218,0.0551065405155637
660,amadi,244.356056,0.432183104968759,0.567816895031241,0.135633790062482
661,clary,242.554486,0.422881653073199,0.577118346926801,0.154236693853603
662,nakota,242.39962,0.599214544973297,0.400785455026703,0.198429089946593
663,jacquese,241.528734,0.395713658648995,0.604286341351005,0.208572682702009
664,gurnoor,240.486808,0.392312995397236,0.607687004602764,0.215374009205528
665,brylin,240.429158,0.557619762574721,0.442380237425279,0.115239525149441
666,kippy,239.857843,0.600099826629392,0.399900173370608,0.200199653258785
667,sevyn,238.398833,0.512170942548196,0.487829057451804,0.0243418850963923
668,oluwaseyi,237.927401,0.66627772729716,0.33372227270284,0.33255545459432
669,blaike,237.882275,0.657967421069939,0.342032578930061,0.315934842139878
670,tagen,237.176663,0.585341134511198,0.414658865488802,0.170682269022395
671,taite,236.877903,0.539509174901806,0.460490825098194,0.0790183498036117
672,dorsie,236.844656,0.343079275556887,0.656920724443114,0.313841448886227
673,jolly,236.312084,0.637553071556002,0.362446928443998,0.275106143112004
674,yi,236.295558,0.564168887169686,0.435831112830314,0.128337774339372
675,dustine,234.84553,0.397442531693067,0.602557468306933,0.205114936613867
676,brae,233.826598,0.392768199963291,0.607231800036709,0.214463600073418
677,almer,233.285829,0.621591807018848,0.378408192981152,0.243183614037696
678,zaelyn,232.471875,0.597936266483849,0.402063733516151,0.195872532967698
679,hero,231.412152,0.592158271792054,0.407841728207947,0.184316543584107
680,brennyn,231.347168,0.480254225545566,0.519745774454434,0.0394915489088676
681,coren,230.726699,0.557507356354975,0.442492643645025,0.11501471270995
682,sher,229.086315,0.520063989854654,0.479936010145346,0.0401279797093074
683,geral,228.572754,0.57862612969173,0.42137387030827,0.157252259383461
684,aalijah,227.334828,0.585104100283306,0.414895899716695,0.170208200566611
685,yanis,227.320088,0.633011852432505,0.366988147567495,0.26602370486501
686,rhythm,226.51462,0.534790977288795,0.465209022711205,0.0695819545775898
687,manjot,225.839838,0.582739649326174,0.417260350673826,0.165479298652348
688,airen,225.547785,0.408979126086297,0.591020873913703,0.182041747827406
689,giavonni,225.2413,0.400520015645443,0.599479984354557,0.198959968709113
690,xan,224.170326,0.484431918076436,0.515568081923564,0.0311361638471275
691,tahjae,223.988531,0.459704206908701,0.540295793091299,0.0805915861825979
692,skyeler,223.569504,0.508014277296066,0.491985722703934,0.0160285545921326
693,kmari,221.48333,0.533274368775293,0.466725631224707,0.0665487375505868
694,taje,221.455609,0.557034181961045,0.442965818038955,0.11406836392209
695,elis,220.614578,0.380736988287329,0.619263011712671,0.238526023425342
696,temiloluwa,219.471979,0.366351619766458,0.633648380233542,0.267296760467084
697,reise,218.281532,0.553964208021043,0.446035791978957,0.107928416042086
698,oriel,217.955725,0.538999120119465,0.461000879880535,0.0779982402389293
699,kamarri,217.436651,0.666259493667422,0.333740506332578,0.332518987334844
700,romey,217.410473,0.638895960637554,0.361104039362446,0.277791921275108
701,maciah,215.277537,0.428375502085013,0.571624497914987,0.143248995829974
702,jerris,214.92263,0.613399421922205,0.386600578077795,0.22679884384441
703,meko,214.461059,0.562471185036907,0.437528814963093,0.124942370073814
704,aimar,213.546217,0.492438880338489,0.507561119661511,0.015122239323022
705,kehinde,213.479829,0.625027472736078,0.374972527263922,0.250054945472155
706,ashtan,212.941711,0.44717108054044,0.55282891945956,0.105657838919121
707,oreoluwa,212.510346,0.382872064967604,0.617127935032396,0.234255870064792
708,kairee,209.98392,0.547436708487012,0.452563291512988,0.0948734169740236
709,leotha,209.718632,0.343532338128164,0.656467661871836,0.312935323743672
710,jaylenn,209.606137,0.359804326721598,0.640195673278402,0.280391346556804
711,celester,208.260526,0.486202483710235,0.513797516289765,0.0275950325795298
712,zekiah,206.431227,0.629666973785899,0.370333026214101,0.259333947571798
713,tarrin,206.426168,0.537402118514354,0.462597881485646,0.0748042370287085
714,jerzy,206.354985,0.475135752111828,0.524864247888172,0.0497284957763438
715,nike,205.592726,0.499609052316374,0.500390947683626,0.000781895367251428
716,domnique,205.590582,0.338568300760003,0.661431699239997,0.322863398479995
717,maitland,205.048868,0.460425214344514,0.539574785655486,0.0791495713109716
718,jaydence,204.723284,0.397848248663303,0.602151751336697,0.204303502673394
719,kayton,204.527089,0.349385694332158,0.650614305667842,0.301228611335685
720,jourdin,204.325001,0.335161505762087,0.664838494237913,0.329676988475825
721,navjot,203.755335,0.47558503928253,0.52441496071747,0.0488299214349406
722,casy,203.244291,0.583930635473544,0.416069364526455,0.167861270947089
723,staley,201.101416,0.662249717823966,0.337750282176034,0.324499435647932
724,maxi,200.73452,0.414681914201902,0.585318085798098,0.170636171596196
725,jamoni,198.503019,0.559586350674092,0.440413649325908,0.119172701348185
726,jasmon,198.319337,0.362898182742513,0.637101817257487,0.274203634514974
727,mell,196.973265,0.639104707940948,0.360895292059052,0.278209415881896
728,ziyan,196.690605,0.5602008036937,0.4397991963063,0.120401607387399
729,keatyn,195.696157,0.345051461587976,0.654948538412024,0.309897076824048
730,jaree,195.308517,0.466162645636186,0.533837354363814,0.0676747087276281
731,day,193.995615,0.379936582587189,0.620063417412811,0.240126834825622
732,posey,193.724676,0.529711718294473,0.470288281705527,0.0594234365889454
733,nemiah,192.017399,0.627488808969858,0.372511191030142,0.254977617939716
734,lyrick,191.646052,0.47666606771529,0.52333393228471,0.0466678645694199
735,jahni,190.47414,0.442090847607974,0.557909152392026,0.115818304784051
736,aijalon,190.225153,0.504784858814123,0.495215141185877,0.00956971762824654
737,oddie,189.784448,0.620104198421991,0.379895801578009,0.240208396843982
738,zaide,189.652102,0.560002403769825,0.439997596230175,0.12000480753965
739,shamell,188.871923,0.662734915872064,0.337265084127936,0.325469831744129
740,cailan,188.560258,0.626307347330846,0.373692652669154,0.252614694661693
741,zarin,187.461247,0.512755294965044,0.487244705034956,0.0255105899300884
742,keymani,186.68359,0.382562243419467,0.617437756580533,0.234875513161066
743,preet,186.410048,0.63288018143743,0.36711981856257,0.26576036287486
744,ekam,184.853591,0.575002732838444,0.424997267161556,0.150005465676888
745,kayler,182.571949,0.42423732355511,0.57576267644489,0.151525352889781
746,elim,180.743803,0.565701386730255,0.434298613269745,0.13140277346051
747,jeryn,180.375908,0.664699373266634,0.335300626733366,0.329398746533268
748,olanda,179.430222,0.573447721644127,0.426552278355873,0.146895443288255
749,harbor,178.898323,0.399725407152084,0.600274592847916,0.200549185695832
750,oluwanifemi,178.83239,0.421957286373011,0.578042713626989,0.156085427253978
751,cledith,177.840925,0.478022626119382,0.521977373880618,0.0439547477612367
752,mishawn,177.812885,0.362917175546643,0.637082824453357,0.274165648906714
753,dae,176.555824,0.651161346000118,0.348838653999882,0.302322692000237
754,kenyatte,176.31502,0.662771419020342,0.337228580979658,0.325542838040684
755,dai,175.507466,0.638591169677078,0.361408830322922,0.277182339354156
756,mekiah,174.61906,0.374701627645917,0.625298372354083,0.250596744708166
757,vernis,172.896311,0.666204607454002,0.333795392545998,0.332409214908004
758,jianni,172.684582,0.477084439420307,0.522915560579693,0.0458311211593864
759,kamali,170.8053,0.54202261873607,0.45797738126393,0.0840452374721394
760,kellis,170.74186,0.458822441081525,0.541177558918475,0.0823551178369499
761,asheton,169.157509,0.54426999749683,0.45573000250317,0.0885399949936601
762,raedyn,168.958032,0.335117362162457,0.664882637837543,0.329765275675086
763,yardley,168.095399,0.576343044344718,0.423656955655282,0.152686088689435
764,donyel,167.979934,0.447675351509544,0.552324648490456,0.104649296980912
765,zell,167.764109,0.51946137656893,0.48053862343107,0.0389227531378598
766,tyjai,167.639099,0.543863022074582,0.456136977925418,0.0877260441491636
767,eldean,165.703773,0.377406023217106,0.622593976782894,0.245187953565789
768,donne,165.617884,0.379514050547826,0.620485949452174,0.240971898904348
769,agam,163.897447,0.587595851935387,0.412404148064613,0.175191703870775
770,myan,163.712851,0.430283551778107,0.569716448221893,0.139432896443786
771,kele,160.98897,0.544432795613265,0.455567204386735,0.0888655912265293
772,skylen,160.906397,0.401013826690806,0.598986173309194,0.197972346618388
773,shadee,160.707526,0.441301361331392,0.558698638668608,0.117397277337217
774,connelly,160.684368,0.455835623039573,0.544164376960427,0.0883287539208544
775,harlo,160.602524,0.387030287269956,0.612969712730044,0.225939425460088
776,arrin,159.750812,0.582372989753567,0.417627010246433,0.164745979507134
777,quanta,158.978282,0.428948898818771,0.571051101181229,0.142102202362459
778,caylor,158.406232,0.517290058386087,0.482709941613913,0.0345801167721734
779,gaylin,157.975626,0.531136632432145,0.468863367567855,0.0622732648642899
780,soua,157.769673,0.345595759712324,0.654404240287676,0.308808480575351
781,darly,157.264463,0.62828099314465,0.37171900685535,0.256561986289299
782,yoltzin,156.963144,0.506049592125907,0.493950407874093,0.0120991842518139
783,zohar,156.903608,0.366664799703013,0.633335200296988,0.266670400593975
784,yarden,156.287076,0.417148465942251,0.582851534057749,0.165703068115498
785,erian,155.820241,0.433029018354554,0.566970981645446,0.133941963290892
786,jermany,155.65987,0.565665074755619,0.434334925244381,0.131330149511239
787,currie,155.253736,0.660884437589315,0.339115562410685,0.32176887517863
788,mechel,155.215298,0.570326534437347,0.429673465562654,0.140653068874693
789,camauri,154.974017,0.627916033176065,0.372083966823935,0.255832066352129
790,siah,154.888615,0.46118265051308,0.53881734948692,0.07763469897384
791,lakoda,154.828139,0.583135472551278,0.416864527448722,0.166270945102557
792,demarie,153.988438,0.33434165362467,0.66565834637533,0.33131669275066
793,rumi,153.979008,0.560985397438072,0.439014602561928,0.121970794876143
794,raeden,153.943087,0.625600290839952,0.374399709160048,0.251200581679904
795,senai,153.857962,0.418731238621242,0.581268761378758,0.162537522757516
796,kindred,153.765557,0.567426748241155,0.432573251758845,0.13485349648231
797,deondrea,153.675788,0.434716163615833,0.565283836384167,0.130567672768335
798,babe,153.297631,0.505635980767374,0.494364019232626,0.0112719615347481
799,march,152.466596,0.455420274484255,0.544579725515745,0.0891594510314902
800,maddyx,152.039973,0.470335916200143,0.529664083799857,0.059328167599714
801,jorryn,150.862802,0.506241889899407,0.493758110100593,0.0124837797988134
802,adisa,150.515376,0.412989321436502,0.587010678563498,0.174021357126996
803,wen,150.356684,0.571154003369747,0.428845996630253,0.142308006739494
804,audi,149.393881,0.408464721523635,0.591535278476365,0.183070556952731
805,shaquel,148.738388,0.482647337821088,0.517352662178913,0.0347053243578249
806,michiah,147.88684,0.408852200777297,0.591147799222703,0.182295598445406
807,chandlar,147.490974,0.37534779585902,0.62465220414098,0.24930440828196
808,moe,147.377881,0.623062561199397,0.376937438800603,0.246125122398795
809,arieon,146.850076,0.587997959224754,0.412002040775246,0.175995918449508
810,yarnell,146.061162,0.414096541283165,0.585903458716835,0.171806917433671
811,ayo,145.320912,0.543251916833553,0.456748083166447,0.0865038336671051
812,chey,145.192942,0.510858358390451,0.489141641609549,0.0217167167809025
813,clemence,144.811212,0.465590171291433,0.534409828708567,0.0688196574171343
814,ajene,144.374216,0.595696069442206,0.404303930557794,0.191392138884411
815,tkai,142.846541,0.499714970347094,0.500285029652906,0.000570059305811221
816,lawan,142.608669,0.363880929286283,0.636119070713717,0.272238141427433
817,zannie,142.50946,0.613084057717993,0.386915942282007,0.226168115435986
818,denym,142.036011,0.524208540325735,0.475791459674265,0.0484170806514694
819,sayre,141.358156,0.565705646301724,0.434294353698275,0.131411292603449
820,kamarii,141.121253,0.464504060207005,0.535495939792995,0.0709918795859898
821,tavi,141.092512,0.35183947252991,0.64816052747009,0.29632105494018
822,kymoni,141.056165,0.647671585286613,0.352328414713387,0.295343170573225
823,zaiah,141.048316,0.457343602741064,0.542656397258936,0.0853127945178728
824,amaurie,141.0157,0.563158783029124,0.436841216970876,0.126317566058247
825,paiden,140.079349,0.418305770395892,0.581694229604108,0.163388459208216
826,aamari,139.050451,0.564144556424344,0.435855443575656,0.128289112848688
827,tris,138.63448,0.368586400728015,0.631413599271985,0.26282719854397
828,rorey,137.365923,0.659845892055776,0.340154107944224,0.319691784111551
829,meiko,135.129167,0.359543916969458,0.640456083030542,0.280912166061084
830,asuncion,134.85547,0.474092878842809,0.525907121157192,0.051814242314383
831,jodey,134.352625,0.646850212267903,0.353149787732097,0.293700424535806
832,declyn,133.153389,0.663979307353566,0.336020692646434,0.327958614707133
833,camil,132.816153,0.358902617816374,0.641097382183626,0.282194764367253
834,oluwademilade,132.098795,0.661304934689223,0.338695065310777,0.322609869378445
835,duanne,131.550234,0.652898481351238,0.347101518648762,0.305796962702476
836,rudie,131.45638,0.603481010202776,0.396518989797224,0.206962020405552
837,lauris,131.241428,0.473202661281619,0.526797338718381,0.0535946774367618
838,child,130.19941,0.595175047260199,0.404824952739801,0.190350094520398
839,jaydeen,130.122524,0.450449262727182,0.549550737272818,0.0991014745456367
840,kery,129.818244,0.432453245939762,0.567546754060238,0.135093508120477
841,nesta,129.362506,0.590159431512559,0.409840568487441,0.180318863025118
842,merrit,129.327225,0.56964008158375,0.43035991841625,0.1392801631675
843,ermal,128.612374,0.521066223379097,0.478933776620903,0.0421324467581945
844,kaisyn,128.21277,0.565653795639857,0.434346204360143,0.131307591279714
845,neziah,128.1557,0.426055025254437,0.573944974745563,0.147889949491127
846,lattie,128.141635,0.363317348026658,0.636682651973342,0.273365303946684
847,nyaire,128.094468,0.635278488373128,0.364721511626872,0.270556976746256
848,damarie,127.81577,0.659957648418501,0.340042351581499,0.319915296837002
849,murle,127.226318,0.613283408861993,0.386716591138006,0.226566817723987
850,sekai,127.078031,0.507621533733081,0.492378466266919,0.0152430674661617
851,merion,126.77774,0.470668596868819,0.529331403131181,0.0586628062623612
852,danyl,126.013529,0.544535063374029,0.455464936625971,0.0890701267480574
853,areon,125.888151,0.645584070894806,0.354415929105194,0.291168141789611
854,seville,125.22815,0.388325947480658,0.611674052519342,0.223348105038683
855,freddi,125.185001,0.551963090210783,0.448036909789217,0.103926180421567
856,ruari,125.166337,0.348801970612913,0.651198029387087,0.302396058774173
857,rayen,125.095867,0.491423629527265,0.508576370472735,0.0171527409454702
858,kadian,124.925028,0.349090263962158,0.650909736037842,0.301819472075684
859,brookes,124.423283,0.654159527361129,0.345840472638871,0.308319054722258
860,rilley,124.084696,0.55156205564625,0.44843794435375,0.1031241112925
861,gaynor,123.675765,0.362479488200457,0.637520511799543,0.275041023599086
862,sopheap,123.180484,0.362594516189756,0.637405483810244,0.274810967620488
863,oluwatomisin,123.170318,0.346607004781785,0.653392995218215,0.30678599043643
864,shayde,122.862738,0.612759419377419,0.387240580622581,0.225518838754839
865,altair,122.254598,0.446919387031971,0.553080612968029,0.106161225936058
866,jayel,122.211454,0.5200366080253,0.4799633919747,0.0400732160506003
867,foye,121.550891,0.396195121268177,0.603804878731823,0.207609757463645
868,lovelle,121.295408,0.602456895977464,0.397543104022536,0.204913791954927
869,jasmond,121.265866,0.649814284920045,0.350185715079955,0.29962856984009
870,larin,121.137595,0.449040754028508,0.550959245971492,0.101918491942984
871,malijah,121.086413,0.335931910048405,0.664068089951595,0.32813617990319
872,brenn,120.368931,0.514553302795387,0.485446697204613,0.0291066055907732
873,maziah,120.241444,0.346847631004831,0.653152368995169,0.306304737990339
874,chapel,120.153175,0.347016298154418,0.652983701845582,0.305967403691163
875,linnell,120.105338,0.408385545694897,0.591614454305103,0.183228908610207
876,tahje,118.784545,0.641382210118328,0.358617789881672,0.282764420236656
877,peyson,118.29403,0.377886948310071,0.622113051689929,0.244226103379858
878,jacquise,118.139899,0.608678537976404,0.391321462023596,0.217357075952807
879,rease,118.050374,0.545529368674427,0.454470631325573,0.0910587373488541
880,breslin,117.246619,0.635309449733472,0.364690550266528,0.270618899466943
881,remmy,117.213276,0.609782419186031,0.390217580813969,0.219564838372063
882,sukhman,117.077497,0.601323685626795,0.398676314373205,0.202647371253589
883,atari,116.993573,0.656001419838678,0.343998580161322,0.312002839677356
884,shaquelle,116.141721,0.617219207557635,0.382780792442364,0.234438415115271
885,brighten,114.215101,0.556287999079911,0.443712000920089,0.112575998159823
886,jaton,113.862602,0.473326167269566,0.526673832730434,0.0533476654608684
887,jahdai,113.124261,0.376726880894276,0.623273119105724,0.246546238211448
888,deovion,113.003055,0.622703333109003,0.377296666890997,0.245406666218006
889,maui,112.190951,0.627855583468581,0.372144416531419,0.255711166937162
890,ronne,111.657837,0.473608260923055,0.526391739076944,0.052783478153889
891,sehaj,111.285543,0.597965137304493,0.402034862695508,0.195930274608985
892,tagan,111.076315,0.481835078882478,0.518164921117522,0.0363298422350435
893,luvern,110.746093,0.636487600515171,0.363512399484829,0.272975201030343
894,lyan,110.250095,0.549608097843362,0.450391902156638,0.0992161956867249
895,peniel,110.216069,0.639312267614988,0.360687732385012,0.278624535229976
896,ryin,110.061346,0.51263917851777,0.48736082148223,0.025278357035539
897,skylur,108.968124,0.626653534018811,0.373346465981189,0.253307068037622
898,skylier,108.758081,0.562586425187109,0.437413574812891,0.125172850374217
899,oluwadarasimi,108.353861,0.366753889831392,0.633246110168608,0.266492220337215
900,psalm,108.230882,0.36657323923499,0.63342676076501,0.26685352153002
901,aidynn,107.344514,0.407164822600995,0.592835177399005,0.18567035479801
902,juliani,107.272545,0.34241291655754,0.65758708344246,0.315174166884919
903,johany,107.173152,0.462450567843708,0.537549432156292,0.0750988643125846
904,rainn,106.336104,0.401670254911728,0.598329745088272,0.196659490176544
905,liron,106.120731,0.644736465300074,0.355263534699926,0.289472930600148
906,vail,106.056996,0.379711876810088,0.620288123189912,0.240576246379824
907,gillie,105.527474,0.547365513553371,0.452634486446629,0.0947310271067419
908,armari,104.214954,0.628445654737803,0.371554345262197,0.256891309475606
909,kache,104.096492,0.457945114999649,0.542054885000351,0.0841097700007028
910,eudell,103.921273,0.419672640076301,0.580327359923699,0.160654719847398
911,mikele,103.518292,0.394806117937108,0.605193882062892,0.210387764125784
912,alija,103.229976,0.576972380580617,0.423027619419383,0.153944761161235
913,carel,102.758657,0.564701424620604,0.435298575379396,0.129402849241208
914,olayinka,102.625879,0.418250234913944,0.581749765086056,0.163499530172112
915,eaden,102.319579,0.572760615052961,0.427239384947039,0.145521230105921
916,inioluwa,101.384201,0.35272892272436,0.64727107727564,0.29454215455128
917,gwin,101.243364,0.562136576180934,0.437863423819066,0.124273152361867
918,yacine,100.2304,0.544598944032948,0.455401055967052,0.0891978880658962
919,aeon,100.21104,0.464834563137954,0.535165436862046,0.0703308737240927
